Competition,Matchday,Venue,Team,Opponent,Opponent_Position,Result,Position,Minute,At_Score,Type_of_Goal
Season 04/05,,,,,,,,,,
Segunda División B - Grupo III (-20/21),2,H,FC Barcelona B,(1.),Girona FC,Girona  (5.),1:2,LW,65',1:2
Segunda División B - Grupo III (-20/21),4,H,FC Barcelona B,(1.),RCD Espanyol B,RCD Espanyol B  (17.),2:0,LW,88',2:0
Segunda División B - Grupo III (-20/21),10,A,FC Barcelona B,(1.),Villajoyosa CF,Villajoyosa CF  (8.),2:1,AM,2',0:1
Segunda División B - Grupo III (-20/21),14,A,FC Barcelona B,(1.),UE Figueres,UE Figueres  (15.),2:2,AM,20',0:1
Segunda División B - Grupo III (-20/21),17,H,FC Barcelona B,(1.),CD Alcoyano,CD Alcoyano  (11.),2:0,CF,40',2:0
Segunda División B - Grupo III (-20/21),33,H,FC Barcelona B,(1.),UE Figueres,UE Figueres  (11.),2:2,AM,15',2:0
LaLiga,34,H,FC Barcelona,(1.),Albacete Balompié,Albacete  (19.),2:0,CF,90'+1,2:0
Season 05/06,,,,,,,,,,
UEFA Champions League,Gruppenphase,H,FC Barcelona,Panathinaikos FC,Panathinaikos,5:0,RW,34',3:0,Left-footed shot
LaLiga,13,H,FC Barcelona,(1.),Racing Santander,Racing  (18.),4:1,RW,51',2:0
LaLiga,19,H,FC Barcelona,(1.),Athletic Bilbao,Athletic  (19.),2:1,RW,50',2:1
LaLiga,20,H,FC Barcelona,(1.),Deportivo Alavés,Alavés  (19.),2:0,CF,82',2:0
LaLiga,21,A,FC Barcelona,(1.),RCD Mallorca,RCD Mallorca  (17.),0:3,CF,75',0:2
83',0:3,Left-footed shot,,,,,,,,
Copa del Rey,Viertelfinale,H,FC Barcelona,Real Zaragoza,Real Zaragoza,2:1,CF,42',1:0,Header
LaLiga,24,H,FC Barcelona,(1.),Real Betis Balompié,Real Betis  (15.),5:1,RW,84',5:1
Season 06/07,,,,,,,,,,
LaLiga,1,A,FC Barcelona,(2.),Celta de Vigo,Celta de Vigo  (18.),2:3,LW,59',1:2
LaLiga,2,H,FC Barcelona,(4.),CA Osasuna,CA Osasuna  (19.),3:0,RW,36',3:0
UEFA Champions League,Gruppenphase,A,FC Barcelona,SV Werder Bremen,Werder Bremen,1:1,RW,89',1:1,Left-footed shot
LaLiga,6,H,FC Barcelona,(1.),Sevilla FC,Sevilla FC  (3.),3:1,RW,80',3:1
LaLiga,26,H,FC Barcelona,(2.),Real Madrid,Real Madrid  (4.),3:3,RW,11',1:1
28',2:2,Left-footed shot,,,,,,,,
90'+1,3:3,Left-footed shot,,,,,,,,
LaLiga,27,A,FC Barcelona,(1.),Recreativo Huelva,Recr. Huelva  (7.),0:4,RW,86',0:4
LaLiga,28,H,FC Barcelona,(1.),Deportivo de La Coruña,Dep. La Coruña  (12.),2:1,RW,45',1:0
Copa del Rey,Halbfinale,H,FC Barcelona,Getafe CF,Getafe,5:2,RW,29',2:0,Solo run
45',3:0,Left-footed shot,,,,,,,,
LaLiga,35,A,FC Barcelona,(2.),Atlético de Madrid,Atlético Madrid  (6.),0:6,RW,39',0:1
80',0:5,Left-footed shot,,,,,,,,
LaLiga,37,H,FC Barcelona,(2.),RCD Espanyol Barcelona,Espanyol  (12.),2:2,RW,43',1:1
57',2:1,Right-footed shot,,,,,,,,
LaLiga,38,A,FC Barcelona,(2.),Gimnàstic de Tarragona,Gimnàstic  (20.),1:5,RW,34',0:2
51',0:4,Left-footed shot,,,,,,,,
Season 07/08,,,,,,,,,,
UEFA Champions League,Gruppenphase,H,FC Barcelona,Olympique Lyon,Olympique Lyon,3:0,RW,82',2:0,Left-footed shot
LaLiga,4,H,FC Barcelona,(5.),Sevilla FC,Sevilla FC  (2.),2:1,RW,72',1:0
79',2:0,Penalty,,,,,,,,
LaLiga,5,H,FC Barcelona,(4.),Real Zaragoza,Real Zaragoza  (8.),4:1,RW,5',1:0
10',2:1,Left-footed shot,,,,,,,,
LaLiga,6,A,FC Barcelona,(4.),Levante UD,Levante  (20.),1:4,RW,50',0:4
UEFA Champions League,Gruppenphase,A,FC Barcelona,VfB Stuttgart,VfB Stuttgart,0:2,RW,66',0:2,Deflected shot on goal
LaLiga,7,H,FC Barcelona,(4.),Atlético de Madrid,Atlético Madrid  (5.),3:0,RW,19',2:0
LaLiga,9,H,FC Barcelona,(4.),UD Almería,UD Almería  (9.),2:0,RW,80',2:0
UEFA Champions League,Gruppenphase,H,FC Barcelona,Rangers FC,Rangers,2:0,RW,41',2:0,Tap-in
LaLiga,13,H,FC Barcelona,(3.),Recreativo Huelva,Recr. Huelva  (17.),3:0,RW,81',3:0
UEFA Champions League,Gruppenphase,A,FC Barcelona,Olympique Lyon,Olympique Lyon,2:2,RW,58',1:2,Penalty
UEFA Champions League,Achtelfinale,A,FC Barcelona,Celtic FC,Celtic,2:3,RW,18',1:1,Left-footed shot
79',2:3,Left-footed shot,,,,,,,,
LaLiga,25,H,FC Barcelona,(2.),Levante UD,Levante  (20.),5:1,RW,44',2:1
LaLiga,35,H,FC Barcelona,(3.),Valencia CF,Valencia  (13.),6:0,RW,5',1:0
Season 08/09,,,,,,,,,,
LaLiga,2,H,FC Barcelona,(16.),Racing Santander,Racing  (12.),1:1,RW,70',1:0
LaLiga,3,A,FC Barcelona,(17.),Sporting Gijón,Sporting Gijón  (20.),1:6,RW,85',1:5
89',1:6,Header,,,,,,,,
LaLiga,5,A,FC Barcelona,(6.),RCD Espanyol Barcelona,Espanyol  (8.),1:2,RW,90',1:2
UEFA Champions League,Gruppenphase,A,FC Barcelona,Shakhtar Donetsk,Shakhtar D.,1:2,RW,87',1:1,Right-footed shot
90'+2,1:2,Left-footed shot,,,,,,,,
LaLiga,6,H,FC Barcelona,(5.),Atlético de Madrid,Atlético Madrid  (7.),6:1,RW,8',3:0
UEFA Champions League,Gruppenphase,A,FC Barcelona,FC Basel 1893,FC Basel,0:5,CF,4',0:1,Left-footed shot
LaLiga,9,A,FC Barcelona,(2.),Málaga CF,Málaga CF  (6.),1:4,RW,19',1:2
UEFA Champions League,Gruppenphase,H,FC Barcelona,FC Basel 1893,FC Basel,1:1,RW,61',1:0,Left-footed shot
Copa del Rey,4.Runde,H,FC Barcelona,Benidorm CD,Benidorm,1:0,RW,86',1:0,Penalty rebound
LaLiga,11,A,FC Barcelona,(1.),Recreativo Huelva,Recr. Huelva  (17.),0:2,RW,51',0:1
UEFA Champions League,Gruppenphase,A,FC Barcelona,Sporting CP,Sporting CP,2:5,RW,49',0:3,Left-footed shot
LaLiga,13,A,FC Barcelona,(1.),Sevilla FC,Sevilla FC  (5.),0:3,RW,78',0:2
90'+2,0:3,Left-footed shot,,,,,,,,
LaLiga,15,H,FC Barcelona,(1.),Real Madrid,Real Madrid  (5.),2:0,RW,89',2:0
Copa del Rey,Achtelfinale,A,FC Barcelona,Atlético de Madrid,Atlético Madrid,1:3,RW,11',0:1,Left-footed shot
57',0:2,Penalty,,,,,,,,
79',1:3,Right-footed shot,,,,,,,,
LaLiga,18,A,FC Barcelona,(1.),CA Osasuna,CA Osasuna  (20.),2:3,RW,84',2:3
LaLiga,19,H,FC Barcelona,(1.),Deportivo de La Coruña,Dep. La Coruña  (7.),5:0,RW,21',1:0
LaLiga,20,H,FC Barcelona,(1.),CD Numancia,CD Numancia  (17.),4:1,RW,49',1:0
76',4:1,Right-footed shot,,,,,,,,
LaLiga,21,A,FC Barcelona,(1.),Racing Santander,Racing  (9.),1:2,RW,65',1:1
81',1:2,Right-footed shot,,,,,,,,
LaLiga,25,A,FC Barcelona,(1.),Atlético de Madrid,Atlético Madrid  (7.),4:3,RW,30',0:2
Copa del Rey,Halbfinale,A,FC Barcelona,RCD Mallorca,RCD Mallorca,1:1,RW,81',1:1,Left-footed shot
LaLiga,26,H,FC Barcelona,(1.),Athletic Bilbao,Athletic  (11.),2:0,RW,31',2:0
UEFA Champions League,Achtelfinale,H,FC Barcelona,Olympique Lyon,Olympique Lyon,5:2,RW,40',3:0,Left-footed shot
LaLiga,28,H,FC Barcelona,(1.),Málaga CF,Málaga CF  (6.),6:0,RW,26',2:0
UEFA Champions League,Viertelfinale,H,FC Barcelona,Bayern Munich,Bayern Munich,4:0,RW,9',1:0,Left-footed shot
38',3:0,Right-footed shot,,,,,,,,
LaLiga,31,A,FC Barcelona,(1.),Getafe CF,Getafe  (14.),0:1,RW,18',0:1
LaLiga,33,A,FC Barcelona,(1.),Valencia CF,Valencia  (4.),2:2,RW,23',0:1
LaLiga,34,A,FC Barcelona,(1.),Real Madrid,Real Madrid  (2.),2:6,CF,35',1:3
75',2:5,Left-footed shot,,,,,,,,
Copa del Rey,Finale,H,FC Barcelona,Athletic Bilbao,Athletic,4:1,RW,55',2:1,Left-footed shot
UEFA Champions League,Finale,H,FC Barcelona,Manchester United,Man Utd,2:0,RW,70',2:0,Header
Season 09/10,,,,,,,,,,
Supercopa,Finale,H,FC Barcelona,Athletic Bilbao,Athletic,3:0,RW,50',1:0,Right-footed shot
68',2:0,Penalty,,,,,,,,
LaLiga,2,A,FC Barcelona,(2.),Getafe CF,Getafe  (1.),0:2,RW,78',0:2
LaLiga,3,H,FC Barcelona,(1.),Atlético de Madrid,Atlético Madrid  (17.),5:2,RW,15',2:0
90'+3,5:2,Right-footed shot,,,,,,,,
LaLiga,4,A,FC Barcelona,(2.),Racing Santander,Racing  (10.),1:4,RW,23',0:2
63',0:4,Left-footed shot,,,,,,,,
UEFA Champions League,Gruppenphase,H,FC Barcelona,Dynamo Kyiv,Dynamo Kyiv,2:0,RW,25',1:0,Left-footed shot
LaLiga,8,H,FC Barcelona,(1.),Real Zaragoza,Real Zaragoza  (13.),6:1,RW,80',5:1
LaLiga,10,H,FC Barcelona,(1.),RCD Mallorca,RCD Mallorca  (5.),4:2,RW,86',4:1
Copa del Rey,4.Runde,H,FC Barcelona,Cultural Leonesa,CyD Leonesa,5:0,RW,64',4:0,Left-footed shot
LaLiga,13,A,FC Barcelona,(1.),Deportivo de La Coruña,Dep. La Coruña  (5.),1:3,RW,26',0:1
80',1:2,Header,,,,,,,,
UEFA Champions League,Gruppenphase,A,FC Barcelona,Dynamo Kyiv,Dynamo Kyiv,1:2,RW,86',1:2,Direct free kick
FIFA Club World Cup,Halbfinale,A,FC Barcelona,CF Atlante,Atlante,1:3,RW,55',1:2,Left-footed shot
FIFA Club World Cup,Finale,A,FC Barcelona,Club Estudiantes de La Plata,Estudiantes LP,1:2 AET,RW,110',1:2,Chest
LaLiga,17,A,FC Barcelona,(1.),CD Tenerife,CD Tenerife  (17.),0:5,RW,36',0:1
45',0:3,Right-footed shot,,,,,,,,
75',0:4,Left-footed shot,,,,,,,,
LaLiga,18,H,FC Barcelona,(1.),Sevilla FC,Sevilla FC  (5.),4:0,RW,85',3:0
90'+1,4:0,Left-footed shot,,,,,,,,
LaLiga,19,A,FC Barcelona,(1.),Real Valladolid CF,Real Valladolid  (17.),0:3,RW,54',0:3
LaLiga,21,H,FC Barcelona,(1.),Getafe CF,Getafe  (7.),2:1,RW,7',1:0
LaLiga,24,H,FC Barcelona,(1.),Málaga CF,Málaga CF  (12.),2:1,AM,84',2:1
LaLiga,25,A,FC Barcelona,(1.),UD Almería,UD Almería  (13.),2:2,RW,42',1:1
66',2:2,Left-footed shot,,,,,,,,
LaLiga,26,H,FC Barcelona,(1.),Valencia CF,Valencia  (3.),3:0,CF,56',1:0
80',2:0,Left-footed shot,,,,,,,,
82',3:0,Right-footed shot,,,,,,,,
UEFA Champions League,Achtelfinale,H,FC Barcelona,VfB Stuttgart,VfB Stuttgart,4:0,CF,13',1:0,Left-footed shot
56',3:0,Left-footed shot,,,,,,,,
LaLiga,27,A,FC Barcelona,(1.),Real Zaragoza,Real Zaragoza  (17.),2:4,RW,4',0:1
65',0:2,Left-footed shot,,,,,,,,
78',0:3,Left-footed shot,,,,,,,,
LaLiga,30,H,FC Barcelona,(1.),Athletic Bilbao,Athletic  (6.),4:1,CF,67',4:0
UEFA Champions League,Viertelfinale,H,FC Barcelona,Arsenal FC,Arsenal,4:1,CF,21',1:1,Left-footed shot
37',2:1,Right-footed shot,,,,,,,,
42',3:1,Left-footed shot,,,,,,,,
88',4:1,Solo run,,,,,,,,
LaLiga,31,A,FC Barcelona,(1.),Real Madrid,Real Madrid  (2.),0:2,CF,32',0:1
LaLiga,35,A,FC Barcelona,(1.),Villarreal CF,Villarreal  (6.),1:4,CF,18',0:1
87',1:4,Left-footed shot,,,,,,,,
LaLiga,36,H,FC Barcelona,(1.),CD Tenerife,CD Tenerife  (18.),4:1,RW,16',1:0
90'+3,4:1,Right-footed shot,,,,,,,,
LaLiga,37,A,FC Barcelona,(1.),Sevilla FC,Sevilla FC  (4.),2:3,CF,5',0:1
LaLiga,38,H,FC Barcelona,(1.),Real Valladolid CF,Real Valladolid  (16.),4:0,CF,61',3:0
74',4:0,Left-footed shot,,,,,,,,
Season 10/11,,,,,,,,,,
Supercopa,Finale,H,FC Barcelona,Sevilla FC,Sevilla FC,4:0,RW,25',2:0,Left-footed shot
43',3:0,Right-footed shot,,,,,,,,
90'+1,4:0,Left-footed shot,,,,,,,,
LaLiga,1,A,FC Barcelona,(1.),Racing Santander,Racing  (12.),0:3,RW,3',0:1
UEFA Champions League,Gruppenphase,H,FC Barcelona,Panathinaikos FC,Panathinaikos,5:1,CF,22',1:1,Left-footed shot
45',3:1,Left-footed shot,,,,,,,,
LaLiga,3,A,FC Barcelona,(11.),Atlético de Madrid,Atlético Madrid  (1.),1:2,CF,12',0:1
LaLiga,6,H,FC Barcelona,(3.),RCD Mallorca,RCD Mallorca  (11.),1:1,CF,20',1:0
UEFA Champions League,Gruppenphase,H,FC Barcelona,FC Copenhagen,FC Copenhagen,2:0,CF,18',1:0,Left-footed shot
90'+1,2:0,Left-footed shot,,,,,,,,
LaLiga,8,A,FC Barcelona,(2.),Real Zaragoza,Real Zaragoza  (20.),0:2,CF,41',0:1
65',0:2,Left-footed shot,,,,,,,,
LaLiga,9,H,FC Barcelona,(3.),Sevilla FC,Sevilla FC  (6.),5:0,RW,4',1:0
63',4:0,Left-footed shot,,,,,,,,
UEFA Champions League,Gruppenphase,A,FC Barcelona,FC Copenhagen,FC Copenhagen,1:1,RW,31',0:1,Right-footed shot
LaLiga,10,A,FC Barcelona,(2.),Getafe CF,Getafe  (10.),1:3,CF,23',0:1
Copa del Rey,4.Runde,H,FC Barcelona,Club Atlético de Ceuta,Atlético Ceuta,5:1,RW,67',5:1,Left-footed shot
LaLiga,11,H,FC Barcelona,(2.),Villarreal CF,Villarreal  (3.),3:1,CF,58',2:1
83',3:1,Left-footed shot,,,,,,,,
LaLiga,12,A,FC Barcelona,(2.),UD Almería,UD Almería  (18.),0:8,CF,16',0:1
36',0:5,Tap-in,,,,,,,,
67',0:7,Tap-in,,,,,,,,
UEFA Champions League,Gruppenphase,A,FC Barcelona,Panathinaikos FC,Panathinaikos,0:3,CF,63',0:2,Left-footed shot
LaLiga,14,A,FC Barcelona,(1.),CA Osasuna,CA Osasuna  (12.),0:3,CF,64',0:2
82',0:3,Penalty,,,,,,,,
LaLiga,15,H,FC Barcelona,(1.),Real Sociedad,Real Sociedad  (6.),5:0,CF,46',3:0
86',4:0,Left-footed shot,,,,,,,,
LaLiga,18,A,FC Barcelona,(1.),Deportivo de La Coruña,Dep. La Coruña  (12.),0:4,CF,51',0:2
Copa del Rey,Viertelfinale,H,FC Barcelona,Real Betis Balompié,Real Betis,5:0,CF,44',1:0,Left-footed shot
63',2:0,Left-footed shot,,,,,,,,
73',3:0,Left-footed shot,,,,,,,,
Copa del Rey,Viertelfinale,A,FC Barcelona,Real Betis Balompié,Real Betis,3:1,RW,37',2:1,Left-footed shot
LaLiga,20,H,FC Barcelona,(1.),Racing Santander,Racing  (14.),3:0,CF,33',2:0
Copa del Rey,Halbfinale,H,FC Barcelona,UD Almería,UD Almería,5:0,CF,9',1:0,Left-footed shot
15',3:0,Left-footed shot,,,,,,,,
LaLiga,21,A,FC Barcelona,(1.),Hércules CF,Hércules CF  (12.),0:3,CF,87',0:2
89',0:3,Left-footed shot,,,,,,,,
LaLiga,22,H,FC Barcelona,(1.),Atlético de Madrid,Atlético Madrid  (8.),3:0,CF,16',1:0
28',2:0,Left-footed shot,,,,,,,,
78',3:0,Left-footed shot,,,,,,,,
LaLiga,24,H,FC Barcelona,(1.),Athletic Bilbao,Athletic  (5.),2:1,CF,78',2:1
LaLiga,25,A,FC Barcelona,(1.),RCD Mallorca,RCD Mallorca  (11.),0:3,CF,38',0:1
LaLiga,26,A,FC Barcelona,(1.),Valencia CF,Valencia  (3.),0:1,CF,77',0:1
UEFA Champions League,Achtelfinale,H,FC Barcelona,Arsenal FC,Arsenal,3:1,CF,49',1:0,Left-footed shot
72',3:1,Penalty,,,,,,,,
LaLiga,31,H,FC Barcelona,(1.),UD Almería,UD Almería  (20.),3:1,CF,52',1:1
90'+1,3:1,Left-footed shot,,,,,,,,
UEFA Champions League,Viertelfinale,A,FC Barcelona,Shakhtar Donetsk,Shakhtar D.,0:1,CF,42',0:1,Left-footed shot
LaLiga,32,A,FC Barcelona,(1.),Real Madrid,Real Madrid  (2.),1:1,CF,53',0:1
LaLiga,33,H,FC Barcelona,(1.),CA Osasuna,CA Osasuna  (16.),2:0,CF,87',2:0
UEFA Champions League,Halbfinale,A,FC Barcelona,Real Madrid,Real Madrid,0:2,CF,76',0:1,Left-footed shot
87',0:2,Solo run,,,,,,,,
UEFA Champions League,Finale,H,FC Barcelona,Manchester United,Man Utd,3:1,CF,54',2:1,Left-footed shot
Season 11/12,,,,,,,,,,
Supercopa,Finale,A,FC Barcelona,Real Madrid,Real Madrid,2:2,CF,45',1:2,Left-footed shot
Supercopa,Finale,H,FC Barcelona,Real Madrid,Real Madrid,3:2,CF,44',2:1,Right-footed shot
88',3:2,Left-footed shot,,,,,,,,
UEFA Super Cup,Finale,H,FC Barcelona,FC Porto,FC Porto,2:0,CF,39',1:0,Left-footed shot
LaLiga,2,H,FC Barcelona,(2.),Villarreal CF,Villarreal  (5.),5:0,CF,51',4:0
74',5:0,Left-footed shot,,,,,,,,
LaLiga,4,H,FC Barcelona,(2.),CA Osasuna,CA Osasuna  (8.),8:0,CF,5',1:0
41',5:0,Left-footed shot,,,,,,,,
79',8:0,Left-footed shot,,,,,,,,
LaLiga,6,H,FC Barcelona,(2.),Atlético de Madrid,Atlético Madrid  (4.),5:0,CF,26',3:0
78',4:0,Left-footed shot,,,,,,,,
90'+1,5:0,Left-footed shot,,,,,,,,
UEFA Champions League,Gruppenphase,A,FC Barcelona,BATE Borisov,BATE Borisov,0:5,CF,38',0:3,Header
56',0:4,Left-footed shot,,,,,,,,
LaLiga,8,H,FC Barcelona,(1.),Racing Santander,Racing  (18.),3:0,CF,11',1:0
69',3:0,Right-footed shot,,,,,,,,
LaLiga,11,H,FC Barcelona,(2.),RCD Mallorca,RCD Mallorca  (11.),5:0,CF,13',1:0
21',2:0,Right-footed shot,,,,,,,,
30',3:0,Left-footed shot,,,,,,,,
UEFA Champions League,Gruppenphase,A,FC Barcelona,FC Viktoria Plzen,Viktoria Plzen,0:4,CF,24',0:1,Penalty
45'+2,0:2,Left-footed shot,,,,,,,,
90'+2,0:4,Left-footed shot,,,,,,,,
LaLiga,12,A,FC Barcelona,(2.),Athletic Bilbao,Athletic  (11.),2:2,CF,90',2:2
LaLiga,13,H,FC Barcelona,(2.),Real Zaragoza,Real Zaragoza  (16.),4:0,CF,43',2:0
UEFA Champions League,Gruppenphase,A,FC Barcelona,AC Milan,AC Milan,2:3,CF,31',1:2,Penalty
LaLiga,17,H,FC Barcelona,(2.),Rayo Vallecano,Rayo Vallecano  (15.),4:0,CF,49',4:0
LaLiga,15,H,FC Barcelona,(2.),Levante UD,Levante  (4.),5:0,CF,55',4:0
FIFA Club World Cup,Finale,A,FC Barcelona,Santos FC,Santos,0:4,RW,17',0:1,Left-footed shot
82',0:4,Left-footed shot,,,,,,,,
Copa del Rey,Achtelfinale,H,FC Barcelona,CA Osasuna,CA Osasuna,4:0,CF,71',3:0,Header
90',4:0,Left-footed shot,,,,,,,,
LaLiga,19,H,FC Barcelona,(2.),Real Betis Balompié,Real Betis  (10.),4:2,CF,12',2:0
86',4:2,Penalty,,,,,,,,
LaLiga,1,A,FC Barcelona,(2.),Málaga CF,Málaga CF  (4.),1:4,CF,32',0:1
51',0:3,Left-footed shot,,,,,,,,
77',0:4,Left-footed shot,,,,,,,,
LaLiga,22,H,FC Barcelona,(2.),Real Sociedad,Real Sociedad  (14.),2:1,CF,72',2:0
UEFA Champions League,Achtelfinale,A,FC Barcelona,Bayer 04 Leverkusen,B. Leverkusen,1:3,CF,88',1:3,Left-footed shot
LaLiga,24,H,FC Barcelona,(2.),Valencia CF,Valencia  (3.),5:1,CF,21',1:1
27',2:1,Tap-in,,,,,,,,
75',3:1,Left-footed shot,,,,,,,,
84',4:1,Left-footed shot,,,,,,,,
LaLiga,25,A,FC Barcelona,(2.),Atlético de Madrid,Atlético Madrid  (6.),1:2,CF,79',1:2
UEFA Champions League,Achtelfinale,H,FC Barcelona,Bayer 04 Leverkusen,B. Leverkusen,7:1,CF,25',1:0,Left-footed shot
42',2:0,Left-footed shot,,,,,,,,
50',3:0,Right-footed shot,,,,,,,,
58',5:0,Left-footed shot,,,,,,,,
85',7:0,Left-footed shot,,,,,,,,
LaLiga,27,A,FC Barcelona,(2.),Racing Santander,Racing  (18.),0:2,CF,29',0:1
56',0:2,Penalty,,,,,,,,
LaLiga,28,A,FC Barcelona,(2.),Sevilla FC,Sevilla FC  (14.),0:2,CF,25',0:2
LaLiga,29,H,FC Barcelona,(2.),Granada CF,Granada CF  (14.),5:3,CF,16',2:0
66',3:2,Left-footed shot,,,,,,,,
85',5:2,Left-footed shot,,,,,,,,
LaLiga,30,A,FC Barcelona,(2.),RCD Mallorca,RCD Mallorca  (9.),0:2,CF,25',0:1
LaLiga,31,H,FC Barcelona,(2.),Athletic Bilbao,Athletic  (12.),2:0,CF,57',2:0
UEFA Champions League,Viertelfinale,H,FC Barcelona,AC Milan,AC Milan,3:1,RW,11',1:0,Penalty
42',2:1,Penalty,,,,,,,,
LaLiga,32,A,FC Barcelona,(2.),Real Zaragoza,Real Zaragoza  (18.),1:4,CF,39',1:2
86',1:3,Penalty,,,,,,,,
LaLiga,33,H,FC Barcelona,(2.),Getafe CF,Getafe  (7.),4:0,CF,44',2:0
LaLiga,34,A,FC Barcelona,(2.),Levante UD,Levante  (5.),1:2,CF,64',1:1
73',1:2,Penalty,,,,,,,,
LaLiga,36,A,FC Barcelona,(2.),Rayo Vallecano,Rayo Vallecano  (17.),0:7,CF,16',0:1
88',0:7,Left-footed shot,,,,,,,,
LaLiga,20,H,FC Barcelona,(2.),Málaga CF,Málaga CF  (10.),4:1,CF,34',2:1
60',3:1,Penalty,,,,,,,,
63',4:1,Left-footed shot,,,,,,,,
LaLiga,37,H,FC Barcelona,(2.),RCD Espanyol Barcelona,Espanyol  (13.),4:0,CF,11',1:0
63',2:0,Penalty,,,,,,,,
73',3:0,Left-footed shot,,,,,,,,
78',4:0,Penalty,,,,,,,,
Copa del Rey,Finale,H,FC Barcelona,Athletic Bilbao,Athletic,3:0,CF,20',2:0,Right-footed shot
Season 12/13,,,,,,,,,,
LaLiga,1,H,FC Barcelona,(1.),Real Sociedad,Real Sociedad  (4.),5:1,CF,11',2:1
16',3:1,Left-footed shot,,,,,,,,
Supercopa,Finale,H,FC Barcelona,Real Madrid,Real Madrid,3:2,CF,70',2:1,Penalty
LaLiga,2,A,FC Barcelona,(1.),CA Osasuna,CA Osasuna  (19.),1:2,CF,76',1:1
80',1:2,Left-footed shot,,,,,,,,
Supercopa,Finale,A,FC Barcelona,Real Madrid,Real Madrid,2:1,CF,45',2:1,Direct free kick
LaLiga,4,A,FC Barcelona,(1.),Getafe CF,Getafe  (9.),1:4,CF,74',0:2
78',0:3,Left-footed shot,,,,,,,,
UEFA Champions League,Gruppenphase,H,FC Barcelona,Spartak Moscow,Spartak Moscow,3:2,CF,71',2:2,Left-footed shot
80',3:2,Header,,,,,,,,
LaLiga,7,H,FC Barcelona,(1.),Real Madrid,Real Madrid  (6.),2:2,CF,31',1:1
60',2:1,Direct free kick,,,,,,,,
LaLiga,8,A,FC Barcelona,(1.),Deportivo de La Coruña,Dep. La Coruña  (18.),4:5,CF,17',0:3
43',2:4,Left-footed shot,,,,,,,,
76',3:5,Left-footed shot,,,,,,,,
LaLiga,9,A,FC Barcelona,(1.),Rayo Vallecano,Rayo Vallecano  (12.),0:5,CF,48',0:2
89',0:5,Right-footed shot,,,,,,,,
UEFA Champions League,Gruppenphase,A,FC Barcelona,Celtic FC,Celtic,2:1,CF,90'+1,2:1,Tap-in
LaLiga,11,A,FC Barcelona,(1.),RCD Mallorca,RCD Mallorca  (13.),2:4,CF,43',0:2
70',2:4,Left-footed shot,,,,,,,,
LaLiga,12,H,FC Barcelona,(1.),Real Zaragoza,Real Zaragoza  (10.),3:1,CF,15',1:0
60',3:1,Left-footed shot,,,,,,,,
UEFA Champions League,Gruppenphase,A,FC Barcelona,Spartak Moscow,Spartak Moscow,0:3,CF,27',0:2,Right-footed shot
39',0:3,Left-footed shot,,,,,,,,
LaLiga,13,A,FC Barcelona,(1.),Levante UD,Levante  (4.),0:4,CF,46',0:1
51',0:2,Left-footed shot,,,,,,,,
LaLiga,14,H,FC Barcelona,(1.),Athletic Bilbao,Athletic  (14.),5:1,CF,25',2:0
70',5:1,Right-footed shot,,,,,,,,
LaLiga,15,A,FC Barcelona,(1.),Real Betis Balompié,Real Betis  (4.),1:2,CF,16',0:1
25',0:2,Left-footed shot,,,,,,,,
Copa del Rey,Achtelfinale,A,FC Barcelona,Córdoba CF,Córdoba CF,0:2,CF,10',0:1,Left-footed shot
73',0:2,Left-footed shot,,,,,,,,
LaLiga,16,H,FC Barcelona,(1.),Atlético de Madrid,Atlético Madrid  (2.),4:1,CF,58',3:1
88',4:1,Left-footed shot,,,,,,,,
LaLiga,17,A,FC Barcelona,(1.),Real Valladolid CF,Real Valladolid  (8.),1:3,CF,59',0:2
LaLiga,18,H,FC Barcelona,(1.),RCD Espanyol Barcelona,Espanyol  (18.),4:0,CF,28',4:0
LaLiga,19,A,FC Barcelona,(1.),Málaga CF,Málaga CF  (4.),1:3,CF,26',0:1
Copa del Rey,Viertelfinale,H,FC Barcelona,Málaga CF,Málaga CF,2:2,CF,29',1:1,Left-footed shot
LaLiga,20,A,FC Barcelona,(1.),Real Sociedad,Real Sociedad  (9.),3:2,CF,6',0:1
Copa del Rey,Viertelfinale,A,FC Barcelona,Málaga CF,Málaga CF,2:4,CF,79',2:4,Header
LaLiga,21,H,FC Barcelona,(1.),CA Osasuna,CA Osasuna  (18.),5:1,CF,11',1:0
28',2:1,Penalty,,,,,,,,
56',4:1,Left-footed shot,,,,,,,,
58',5:1,Left-footed shot,,,,,,,,
LaLiga,22,A,FC Barcelona,(1.),Valencia CF,Valencia  (8.),1:1,CF,39',1:1
LaLiga,23,H,FC Barcelona,(1.),Getafe CF,Getafe  (11.),6:1,CF,13',2:0
LaLiga,24,A,FC Barcelona,(1.),Granada CF,Granada CF  (15.),1:2,CF,49',1:1
73',1:2,Direct free kick,,,,,,,,
LaLiga,25,H,FC Barcelona,(1.),Sevilla FC,Sevilla FC  (10.),2:1,CF,60',2:1
LaLiga,26,A,FC Barcelona,(1.),Real Madrid,Real Madrid  (3.),2:1,CF,18',1:1
LaLiga,27,H,FC Barcelona,(1.),Deportivo de La Coruña,Dep. La Coruña  (20.),2:0,CF,88',2:0
UEFA Champions League,Achtelfinale,H,FC Barcelona,AC Milan,AC Milan,4:0,CF,5',1:0,Left-footed shot
40',2:0,Left-footed shot,,,,,,,,
LaLiga,28,H,FC Barcelona,(1.),Rayo Vallecano,Rayo Vallecano  (8.),3:1,CF,40',2:0
57',3:0,Left-footed shot,,,,,,,,
LaLiga,29,A,FC Barcelona,(1.),Celta de Vigo,Celta de Vigo  (19.),2:2,CF ,73',1:2
UEFA Champions League,Viertelfinale,A,FC Barcelona,Paris Saint-Germain,Paris SG,2:2,CF,38',0:1,Left-footed shot
LaLiga,33,A,FC Barcelona,(1.),Athletic Bilbao,Athletic  (14.),2:2,CF,67',1:1
LaLiga,34,H,FC Barcelona,(1.),Real Betis Balompié,Real Betis  (7.),4:2,CF,60',3:2
71',4:2,Left-footed shot,,,,,,,,
Season 13/14,,,,,,,,,,
LaLiga,1,H,FC Barcelona,(2.),Levante UD,Levante  (10.),7:0,CF,13',2:0
42',5:0,Penalty,,,,,,,,
LaLiga,3,A,FC Barcelona,(1.),Valencia CF,Valencia  (10.),2:3,CF,11',0:1
38',0:2,Right-footed shot,,,,,,,,
41',0:3,Left-footed shot,,,,,,,,
LaLiga,4,H,FC Barcelona,(1.),Sevilla FC,Sevilla FC  (16.),3:2,CF,75',2:0
UEFA Champions League,Gruppenphase,H,FC Barcelona,Ajax Amsterdam,Ajax,4:0,CF,22',1:0,Direct free kick
55',2:0,Left-footed shot,,,,,,,,
75',4:0,Left-footed shot,,,,,,,,
LaLiga,6,H,FC Barcelona,(1.),Real Sociedad,Real Sociedad  (7.),4:1,CF,8',2:0
LaLiga,7,A,FC Barcelona,(1.),UD Almería,UD Almería  (19.),0:2,CF,21',0:1
UEFA Champions League,Gruppenphase,A,FC Barcelona,AC Milan,AC Milan,1:1,CF,23',1:1,Left-footed shot
UEFA Champions League,Gruppenphase,H,FC Barcelona,AC Milan,AC Milan,3:1,CF,30',1:0,Penalty
83',3:1,Left-footed shot,,,,,,,,
Copa del Rey,Achtelfinale,H,FC Barcelona,Getafe CF,Getafe,4:0,CF,90',3:0,Left-footed shot
90'+2,4:0,Left-footed shot,,,,,,,,
Copa del Rey,Achtelfinale,A,FC Barcelona,Getafe CF,Getafe,0:2,CF,43',0:1,Right-footed shot
63',0:2,Left-footed shot,,,,,,,,
LaLiga,22,H,FC Barcelona,(1.),Valencia CF,Valencia  (10.),2:3,CF,54',2:2
LaLiga,23,A,FC Barcelona,(2.),Sevilla FC,Sevilla FC  (7.),1:4,CF,44',1:2
56',1:3,Left-footed shot,,,,,,,,
Copa del Rey,Halbfinale,A,FC Barcelona,Real Sociedad,Real Sociedad,1:1,CF,27',0:1,Solo run
LaLiga,24,H,FC Barcelona,(1.),Rayo Vallecano,Rayo Vallecano  (19.),6:0,CF,36',2:0
68',5:0,Left-footed shot,,,,,,,,
UEFA Champions League,Achtelfinale,A,FC Barcelona,Manchester City,Man City,0:2,CF,54',0:1,Penalty
LaLiga,25,A,FC Barcelona,(1.),Real Sociedad,Real Sociedad  (6.),3:1,CF,36',1:1
LaLiga,26,H,FC Barcelona,(2.),UD Almería,UD Almería  (15.),4:1,CF,24',2:0
UEFA Champions League,Achtelfinale,H,FC Barcelona,Manchester City,Man City,2:1,CF,67',1:0,Left-footed shot
LaLiga,28,H,FC Barcelona,(3.),CA Osasuna,CA Osasuna  (13.),7:0,CF,18',1:0
63',4:0,Left-footed shot,,,,,,,,
88',6:0,Right-footed shot,,,,,,,,
LaLiga,29,A,FC Barcelona,(3.),Real Madrid,Real Madrid  (1.),3:4,CF,42',2:2
65',3:3,Penalty,,,,,,,,
84',3:4,Penalty,,,,,,,,
LaLiga,30,H,FC Barcelona,(3.),Celta de Vigo,Celta de Vigo  (12.),3:0,CF,30',2:0
LaLiga,31,A,FC Barcelona,(2.),RCD Espanyol Barcelona,Espanyol  (8.),0:1,CF,77',0:1
LaLiga,32,H,FC Barcelona,(2.),Real Betis Balompié,Real Betis  (20.),3:1,CF,15',1:0
86',3:1,Penalty rebound,,,,,,,,
LaLiga,34,H,FC Barcelona,(3.),Athletic Bilbao,Athletic  (4.),2:1,CF,74',2:1
LaLiga,35,A,FC Barcelona,(2.),Villarreal CF,Villarreal  (7.),2:3,CF,83',2:3
LaLiga,36,H,FC Barcelona,(2.),Getafe CF,Getafe  (16.),2:2,CF,23',1:0
Season 14/15,,,,,,,,,,
LaLiga,1,H,FC Barcelona,(1.),Elche CF,Elche CF  (13.),3:0,CF,42',1:0
64',3:0,Left-footed shot,,,,,,,,
LaLiga,4,A,FC Barcelona,(1.),Levante UD,Levante  (19.),0:5,CF,77',0:5
LaLiga,6,H,FC Barcelona,(3.),Granada CF,Granada CF  (8.),6:0,CF,62',4:0
82',6:0,Right-footed shot,,,,,,,,
UEFA Champions League,Gruppenphase,A,FC Barcelona,Paris Saint-Germain,Paris SG,3:2,RW,12',1:1,Left-footed shot
LaLiga,7,A,FC Barcelona,(1.),Rayo Vallecano,Rayo Vallecano  (10.),0:2,CF,35',0:1
LaLiga,8,H,FC Barcelona,(1.),SD Eibar,SD Eibar  (10.),3:0,CF,74',3:0
UEFA Champions League,Gruppenphase,H,FC Barcelona,Ajax Amsterdam,Ajax,3:1,CF,24',2:0,Left-footed shot
UEFA Champions League,Gruppenphase,A,FC Barcelona,Ajax Amsterdam,Ajax,0:2,RW,36',0:1,Header
76',0:2,Left-footed shot,,,,,,,,
LaLiga,12,H,FC Barcelona,(2.),Sevilla FC,Sevilla FC  (5.),5:1,RW,21',1:0
73',4:1,Tap-in,,,,,,,,
78',5:1,Left-footed shot,,,,,,,,
UEFA Champions League,Gruppenphase,A,FC Barcelona,APOEL Nicosia,APOEL Nicosia,0:4,CF ,38',0:2,Right-footed shot
58',0:3,Right-footed shot,,,,,,,,
87',0:4,Right-footed shot,,,,,,,,
LaLiga,14,H,FC Barcelona,(2.),RCD Espanyol Barcelona,Espanyol  (12.),5:1,RW,45'+1,1:1
50',2:1,Right-footed shot,,,,,,,,
81',5:1,Right-footed shot,,,,,,,,
UEFA Champions League,Gruppenphase,H,FC Barcelona,Paris Saint-Germain,Paris SG,3:1,AM,19',1:1,Right-footed shot
LaLiga,16,H,FC Barcelona,(2.),Córdoba CF,Córdoba CF  (18.),5:0,RW,82',4:0
90',5:0,Right-footed shot,,,,,,,,
Copa del Rey,Achtelfinale,H,FC Barcelona,Elche CF,Elche CF,5:0,RW ,45',3:0,Penalty
LaLiga,18,H,FC Barcelona,(2.),Atlético de Madrid,Atlético Madrid  (3.),3:1,RW,87',3:1
LaLiga,19,A,FC Barcelona,(2.),Deportivo de La Coruña,Dep. La Coruña  (16.),0:4,RW,11',0:1
33',0:2,Left-footed shot,,,,,,,,
62',0:3,Left-footed shot,,,,,,,,
Copa del Rey,Viertelfinale,H,FC Barcelona,Atlético de Madrid,Atlético Madrid,1:0,RW ,85',1:0,Penalty rebound
LaLiga,20,A,FC Barcelona,(2.),Elche CF,Elche CF  (17.),0:6,CF,55',0:2
88',0:5,Left-footed shot,,,,,,,,
LaLiga,21,H,FC Barcelona,(2.),Villarreal CF,Villarreal  (6.),3:2,RW,55',3:2
LaLiga,22,A,FC Barcelona,(2.),Athletic Bilbao,Athletic  (12.),2:5,RW,15',0:1
Copa del Rey,Halbfinale,H,FC Barcelona,Villarreal CF,Villarreal,3:1,RW,41',1:0,Left-footed shot
LaLiga,23,H,FC Barcelona,(2.),Levante UD,Levante  (17.),5:0,CF,38',2:0
59',3:0,Right-footed shot,,,,,,,,
65',4:0,Penalty,,,,,,,,
LaLiga,25,A,FC Barcelona,(2.),Granada CF,Granada CF  (19.),1:3,RW,70',1:3
LaLiga,26,H,FC Barcelona,(2.),Rayo Vallecano,Rayo Vallecano  (11.),6:1,RW,56',3:0
63',4:0,Tap-in,,,,,,,,
68',5:0,Left-footed shot,,,,,,,,
LaLiga,27,A,FC Barcelona,(1.),SD Eibar,SD Eibar  (14.),0:2,RW ,31',0:1
55',0:2,Header,,,,,,,,
LaLiga,30,H,FC Barcelona,(1.),UD Almería,UD Almería  (19.),4:0,RW,33',1:0
LaLiga,31,A,FC Barcelona,(1.),Sevilla FC,Sevilla FC  (5.),2:2,RW,15',0:1
LaLiga,32,H,FC Barcelona,(1.),Valencia CF,Valencia  (4.),2:0,RW,90'+4,2:0
LaLiga,33,A,FC Barcelona,(1.),RCD Espanyol Barcelona,Espanyol  (9.),0:2,RW,25',0:2
LaLiga,34,H,FC Barcelona,(1.),Getafe CF,Getafe  (13.),6:0,RW,9',1:0
47',6:0,Left-footed shot,,,,,,,,
LaLiga,35,A,FC Barcelona,(1.),Córdoba CF,Córdoba CF  (20.),0:8,RW,47',0:3
80',0:6,Left-footed shot,,,,,,,,
UEFA Champions League,Halbfinale,H,FC Barcelona,Bayern Munich,Bayern Munich,3:0,RW,77',1:0,Left-footed shot
80',2:0,Right-footed shot,,,,,,,,
LaLiga,37,A,FC Barcelona,(1.),Atlético de Madrid,Atlético Madrid  (3.),0:1,RW,65',0:1
LaLiga,38,H,FC Barcelona,(1.),Deportivo de La Coruña,Dep. La Coruña  (17.),2:2,RW,5',1:0
59',2:0,Right-footed shot,,,,,,,,
Copa del Rey,Finale,A,FC Barcelona,Athletic Bilbao,Athletic,1:3,RW,20',0:1,Solo run
74',0:3,Left-footed shot,,,,,,,,
Season 15/16,,,,,,,,,,
UEFA Super Cup,Finale,H,FC Barcelona,Sevilla FC,Sevilla FC,5:4 AET,RW,7',1:1,Direct free kick
16',2:1,Direct free kick,,,,,,,,
Supercopa,Finale,H,FC Barcelona,Athletic Bilbao,Athletic,1:1,RW,43',1:0,Left-footed shot
LaLiga,3,A,FC Barcelona,(4.),Atlético de Madrid,Atlético Madrid  (3.),1:2,RW,77',1:2
LaLiga,4,H,FC Barcelona,(1.),Levante UD,Levante  (13.),4:1,SS ,61',3:0
90',4:1,Left-footed shot,,,,,,,,
UEFA Champions League,Gruppenphase,H,FC Barcelona,AS Roma,AS Roma,6:1,RW ,18',2:0,Left-footed shot
60',5:0,Tap-in,,,,,,,,
LaLiga,13,H,FC Barcelona,(1.),Real Sociedad,Real Sociedad  (14.),4:0,RW,90'+1,4:0
UEFA Champions League,Gruppenphase,A,FC Barcelona,Bayer 04 Leverkusen,B. Leverkusen,1:1,RW ,20',0:1,Right-footed shot
LaLiga,15,H,FC Barcelona,(1.),Deportivo de La Coruña,Dep. La Coruña  (6.),2:2,RW,39',1:0
FIFA Club World Cup,Finale,A,FC Barcelona,CA River Plate,River Plate,0:3,RW,36',0:1,Left-footed shot
LaLiga,17,H,FC Barcelona,(1.),Real Betis Balompié,Real Betis  (12.),4:0,RW ,33',2:0
Copa del Rey,Achtelfinale,H,FC Barcelona,RCD Espanyol Barcelona,Espanyol,4:1,RW,13',1:1,Left-footed shot
44',2:1,Direct free kick,,,,,,,,
LaLiga,19,H,FC Barcelona,(1.),Granada CF,Granada CF  (17.),4:0,RW ,8',1:0
14',2:0,Left-footed shot,,,,,,,,
58',3:0,Tap-in,,,,,,,,
LaLiga,20,H,FC Barcelona,(1.),Athletic Bilbao,Athletic  (8.),6:0,RW,7',1:0
LaLiga,21,A,FC Barcelona,(1.),Málaga CF,Málaga CF  (12.),1:2,RW,51',1:2
LaLiga,22,H,FC Barcelona,(1.),Atlético de Madrid,Atlético Madrid  (2.),2:1,RW,30',1:1
Copa del Rey,Halbfinale,H,FC Barcelona,Valencia CF,Valencia,7:0,RW,29',3:0,Left-footed shot
59',4:0,Left-footed shot,,,,,,,,
74',5:0,Left-footed shot,,,,,,,,
LaLiga,24,H,FC Barcelona,(1.),Celta de Vigo,Celta de Vigo  (7.),6:1,RW,28',1:0
LaLiga,16,A,FC Barcelona,(1.),Sporting Gijón,Sporting Gijón  (15.),1:3,RW ,25',0:1
31',1:2,Left-footed shot,,,,,,,,
UEFA Champions League,Achtelfinale,A,FC Barcelona,Arsenal FC,Arsenal,0:2,RW,71',0:1,Left-footed shot
83',0:2,Penalty,,,,,,,,
LaLiga,26,H,FC Barcelona,(1.),Sevilla FC,Sevilla FC  (5.),2:1,RW ,31',1:1
LaLiga,27,A,FC Barcelona,(1.),Rayo Vallecano,Rayo Vallecano  (16.),1:5,RW,23',0:2
53',0:3,Left-footed shot,,,,,,,,
72',1:4,Left-footed shot,,,,,,,,
LaLiga,28,A,FC Barcelona,(1.),SD Eibar,SD Eibar  (8.),0:4,RW ,42',0:2
76',0:3,Penalty,,,,,,,,
LaLiga,29,H,FC Barcelona,(1.),Getafe CF,Getafe  (16.),6:0,CF,41',4:0
UEFA Champions League,Achtelfinale,H,FC Barcelona,Arsenal FC,Arsenal,3:1,RW,86',3:1,Left-footed shot
LaLiga,33,H,FC Barcelona,(1.),Valencia CF,Valencia  (14.),1:2,RW,63',1:2
LaLiga,34,A,FC Barcelona,(1.),Deportivo de La Coruña,Dep. La Coruña  (13.),0:8,RW,73',0:6
LaLiga,35,H,FC Barcelona,(1.),Sporting Gijón,Sporting Gijón  (18.),6:0,RW,13',1:0
LaLiga,37,H,FC Barcelona,(1.),RCD Espanyol Barcelona,Espanyol  (14.),5:0,RW,8',1:0
Season 16/17,,,,,,,,,,
Supercopa,Finale,H,FC Barcelona,Sevilla FC,Sevilla FC,3:0,RW ,55',3:0,Header
LaLiga,1,H,FC Barcelona,(2.),Real Betis Balompié,Real Betis  (15.),6:2,RW ,37',2:1
58',5:1,Left-footed shot,,,,,,,,
UEFA Champions League,Gruppenphase,H,FC Barcelona,Celtic FC,Celtic,7:0,RW ,3',1:0,Left-footed shot
27',2:0,Left-footed shot,,,,,,,,
60',5:0,Left-footed shot,,,,,,,,
LaLiga,4,A,FC Barcelona,(5.),CD Leganés,CD Leganés  (11.),1:5,RW,15',0:1
55',0:4,Penalty,,,,,,,,
LaLiga,8,H,FC Barcelona,(4.),Deportivo de La Coruña,Dep. La Coruña  (13.),4:0,RW,58',4:0
UEFA Champions League,Gruppenphase,H,FC Barcelona,Manchester City,Man City,4:0,RW,17',1:0,Left-footed shot
61',2:0,Left-footed shot,,,,,,,,
69',3:0,Left-footed shot,,,,,,,,
LaLiga,9,A,FC Barcelona,(4.),Valencia CF,Valencia  (14.),2:3,RW,22',0:1
90'+4,2:3,Penalty,,,,,,,,
UEFA Champions League,Gruppenphase,A,FC Barcelona,Manchester City,Man City,3:1,RW ,21',0:1,Left-footed shot
LaLiga,11,A,FC Barcelona,(2.),Sevilla FC,Sevilla FC  (4.),1:2,RW ,43',1:1
UEFA Champions League,Gruppenphase,A,FC Barcelona,Celtic FC,Celtic,0:2,RW ,24',0:1,Left-footed shot
55',0:2,Penalty,,,,,,,,
LaLiga,13,A,FC Barcelona,(2.),Real Sociedad,Real Sociedad  (5.),1:1,RW ,59',1:1
UEFA Champions League,Gruppenphase,H,FC Barcelona,Borussia Mönchengladbach,Bor. M'gladbach,4:0,RW,16',1:0,Left-footed shot
LaLiga,15,A,FC Barcelona,(2.),CA Osasuna,CA Osasuna  (20.),0:3,RW,72',0:2
90'+2,0:3,Left-footed shot,,,,,,,,
LaLiga,16,H,FC Barcelona,(2.),RCD Espanyol Barcelona,Espanyol  (9.),4:1,RW,90',4:1
Copa del Rey,Achtelfinale,A,FC Barcelona,Athletic Bilbao,Athletic,2:1,RW,52',2:1,Direct free kick
LaLiga,17,A,FC Barcelona,(2.),Villarreal CF,Villarreal  (4.),1:1,RW,90',1:1
Copa del Rey,Achtelfinale,H,FC Barcelona,Athletic Bilbao,Athletic,3:1,RW,78',3:1,Direct free kick
LaLiga,18,H,FC Barcelona,(3.),UD Las Palmas,UD Las Palmas  (8.),5:0,RW ,52',2:0
LaLiga,19,A,FC Barcelona,(3.),SD Eibar,SD Eibar  (9.),0:4,RW ,50',0:2
Copa del Rey,Viertelfinale,H,FC Barcelona,Real Sociedad,Real Sociedad,5:2,RW ,55',2:0,Penalty
Copa del Rey,Halbfinale,A,FC Barcelona,Atlético de Madrid,Atlético Madrid,1:2,RW ,33',0:2,Left-footed shot
LaLiga,21,H,FC Barcelona,(2.),Athletic Bilbao,Athletic  (7.),3:0,RW ,40',2:0
LaLiga,22,A,FC Barcelona,(2.),Deportivo Alavés,Alavés  (12.),0:6,RW ,59',0:3
LaLiga,23,H,FC Barcelona,(2.),CD Leganés,CD Leganés  (17.),2:1,RW,4',1:0
90',2:1,Penalty,,,,,,,,
LaLiga,24,A,FC Barcelona,(2.),Atlético de Madrid,Atlético Madrid  (4.),1:2,RW,86',1:2
LaLiga,25,H,FC Barcelona,(2.),Sporting Gijón,Sporting Gijón  (18.),6:1,RW ,9',1:0
LaLiga,26,H,FC Barcelona,(2.),Celta de Vigo,Celta de Vigo  (10.),5:0,AM ,24',1:0
64',5:0,Left-footed shot,,,,,,,,
UEFA Champions League,Achtelfinale,H,FC Barcelona,Paris Saint-Germain,Paris SG,6:1,AM,50',3:0,Penalty
LaLiga,28,H,FC Barcelona,(2.),Valencia CF,Valencia  (13.),4:2,AM,45',2:1
53',3:2,Right-footed shot,,,,,,,,
LaLiga,30,H,FC Barcelona,(2.),Sevilla FC,Sevilla FC  (4.),3:0,RW,28',2:0
33',3:0,Left-footed shot,,,,,,,,
LaLiga,32,H,FC Barcelona,(2.),Real Sociedad,Real Sociedad  (6.),3:2,RW ,17',1:0
37',2:0,Tap-in,,,,,,,,
LaLiga,33,A,FC Barcelona,(2.),Real Madrid,Real Madrid  (1.),2:3,RW,33',1:1
90'+2,2:3,Left-footed shot,,,,,,,,
LaLiga,34,H,FC Barcelona,(2.),CA Osasuna,CA Osasuna  (20.),7:1,AM ,12',1:0
61',4:1,Left-footed shot,,,,,,,,
LaLiga,36,H,FC Barcelona,(2.),Villarreal CF,Villarreal  (5.),4:1,RW,45',2:1
82',4:1,Penalty,,,,,,,,
LaLiga,38,H,FC Barcelona,(2.),SD Eibar,SD Eibar  (8.),4:2,RW,75',3:2
90'+2,4:2,Right-footed shot,,,,,,,,
Copa del Rey,Finale,H,FC Barcelona,Deportivo Alavés,Alavés,3:1,RW,30',1:0,Left-footed shot
Season 17/18,,,,,,,,,,
Supercopa,Finale,H,FC Barcelona,Real Madrid,Real Madrid,1:3,RW,77',1:1,Penalty
LaLiga,2,A,FC Barcelona,(2.),Deportivo Alavés,Alavés  (16.),0:2,CF,55',0:1
66',0:2,Left-footed shot,,,,,,,,
LaLiga,3,H,FC Barcelona,(2.),RCD Espanyol Barcelona,Espanyol  (13.),5:0,CF,26',1:0
35',2:0,Right-footed shot,,,,,,,,
67',3:0,Left-footed shot,,,,,,,,
UEFA Champions League,Gruppenphase,H,FC Barcelona,Juventus FC,Juventus,3:0,CF,45',1:0,Left-footed shot
69',3:0,Left-footed shot,,,,,,,,
LaLiga,5,H,FC Barcelona,(1.),SD Eibar,SD Eibar  (10.),6:1,CF,21',1:0
59',4:1,Left-footed shot,,,,,,,,
62',5:1,Left-footed shot,,,,,,,,
87',6:1,Left-footed shot,,,,,,,,
LaLiga,7,H,FC Barcelona,(1.),UD Las Palmas,UD Las Palmas  (15.),3:0,SS,70',2:0
77',3:0,Left-footed shot,,,,,,,,
UEFA Champions League,Gruppenphase,H,FC Barcelona,Olympiacos Piraeus,Olympiacos,3:1,CF,61',2:0,Direct free kick
LaLiga,10,A,FC Barcelona,(1.),Athletic Bilbao,Athletic  (11.),0:2,SS ,37',0:1
LaLiga,14,H,FC Barcelona,(1.),Celta de Vigo,Celta de Vigo  (9.),2:2,SS,22',1:1
LaLiga,15,A,FC Barcelona,(1.),Villarreal CF,Villarreal  (6.),0:2,RW ,83',0:2
LaLiga,17,A,FC Barcelona,(1.),Real Madrid,Real Madrid  (3.),0:3,SS,64',0:2
LaLiga,18,H,FC Barcelona,(1.),Levante UD,Levante  (16.),3:0,SS,12',1:0
Copa del Rey,Achtelfinale,H,FC Barcelona,Celta de Vigo,Celta de Vigo,5:0,SS,13',1:0,Left-footed shot
15',2:0,Left-footed shot,,,,,,,,
LaLiga,19,A,FC Barcelona,(1.),Real Sociedad,Real Sociedad  (14.),2:4,SS ,85',2:4
LaLiga,20,A,FC Barcelona,(1.),Real Betis Balompié,Real Betis  (8.),0:5,SS ,64',0:2
80',0:4,Left-footed shot,,,,,,,,
Copa del Rey,Viertelfinale,H,FC Barcelona,RCD Espanyol Barcelona,Espanyol,2:0,SS,25',2:0,Deflected shot on goal
LaLiga,21,H,FC Barcelona,(1.),Deportivo Alavés,Alavés  (16.),2:1,SS,84',2:1
UEFA Champions League,Achtelfinale,A,FC Barcelona,Chelsea FC,Chelsea,1:1,SS,75',1:1,Left-footed shot
LaLiga,25,H,FC Barcelona,(1.),Girona FC,Girona  (8.),6:1,SS ,30',2:1
36',3:1,Direct free kick,,,,,,,,
LaLiga,26,A,FC Barcelona,(1.),UD Las Palmas,UD Las Palmas  (18.),1:1,SS,21',0:1
LaLiga,27,H,FC Barcelona,(1.),Atlético de Madrid,Atlético Madrid  (2.),1:0,SS,26',1:0
UEFA Champions League,Achtelfinale,H,FC Barcelona,Chelsea FC,Chelsea,3:0,SS,3',1:0,Right-footed shot
63',3:0,Left-footed shot,,,,,,,,
LaLiga,29,H,FC Barcelona,(1.),Athletic Bilbao,Athletic  (12.),2:0,SS ,30',2:0
LaLiga,30,A,FC Barcelona,(1.),Sevilla FC,Sevilla FC  (6.),2:2,RW,89',2:2
LaLiga,31,H,FC Barcelona,(1.),CD Leganés,CD Leganés  (12.),3:1,SS ,27',1:0
32',2:0,Left-footed shot,,,,,,,,
87',3:1,Left-footed shot,,,,,,,,
Copa del Rey,Finale,A,FC Barcelona,Sevilla FC,Sevilla FC,0:5,SS,31',0:2,Left-footed shot
LaLiga,35,A,FC Barcelona,(1.),Deportivo de La Coruña,Dep. La Coruña  (18.),2:4,SS ,38',0:2
82',2:3,Right-footed shot,,,,,,,,
85',2:4,Left-footed shot,,,,,,,,
LaLiga,36,H,FC Barcelona,(1.),Real Madrid,Real Madrid  (3.),2:2,SS,52',2:1
LaLiga,34,H,FC Barcelona,(1.),Villarreal CF,Villarreal  (6.),5:1,CF,45',3:0
Season 18/19,,,,,,,,,,
LaLiga,1,H,FC Barcelona,(1.),Deportivo Alavés,Alavés  (11.),3:0,RW ,64',1:0
90'+2,3:0,Left-footed shot,,,,,,,,
LaLiga,3,H,FC Barcelona,(2.),SD Huesca,SD Huesca  (5.),8:2,RW ,16',1:1
61',6:2,Left-footed shot,,,,,,,,
UEFA Champions League,Gruppenphase,H,FC Barcelona,PSV Eindhoven,PSV Eindhoven,4:0,RW ,31',1:0,Direct free kick
77',3:0,Left-footed shot,,,,,,,,
87',4:0,Right-footed shot,,,,,,,,
LaLiga,5,H,FC Barcelona,(1.),Girona FC,Girona  (3.),2:2,RW ,19',1:0
UEFA Champions League,Gruppenphase,A,FC Barcelona,Tottenham Hotspur,Tottenham,2:4,RW ,56',1:3,Left-footed shot
90',2:4,Left-footed shot,,,,,,,,
LaLiga,8,A,FC Barcelona,(1.),Valencia CF,Valencia  (13.),1:1,RW ,23',1:1
LaLiga,9,H,FC Barcelona,(2.),Sevilla FC,Sevilla FC  (1.),4:2,RW ,12',2:0
LaLiga,12,H,FC Barcelona,(1.),Real Betis Balompié,Real Betis  (14.),3:4,SS ,68',1:2
90'+4,3:4,Left-footed shot,,,,,,,,
UEFA Champions League,Gruppenphase,A,FC Barcelona,PSV Eindhoven,PSV Eindhoven,1:2,CF ,61',0:1,Left-footed shot
LaLiga,15,A,FC Barcelona,(1.),RCD Espanyol Barcelona,Espanyol  (7.),0:4,RW ,17',0:1
65',0:4,Direct free kick,,,,,,,,
LaLiga,16,A,FC Barcelona,(1.),Levante UD,Levante  (6.),0:5,SS ,43',0:2
47',0:3,Left-footed shot,,,,,,,,
60',0:4,Left-footed shot,,,,,,,,
LaLiga,17,H,FC Barcelona,(1.),Celta de Vigo,Celta de Vigo  (10.),2:0,RW ,45',2:0
LaLiga,18,A,FC Barcelona,(1.),Getafe CF,Getafe  (7.),1:2,RW ,20',0:1
LaLiga,19,H,FC Barcelona,(1.),SD Eibar,SD Eibar  (12.),3:0,RW ,53',2:0
Copa del Rey,Achtelfinale,H,FC Barcelona,Levante UD,Levante,3:0,CF ,54',3:0,Left-footed shot
LaLiga,20,H,FC Barcelona,(1.),CD Leganés,CD Leganés  (15.),3:1,SS,90'+2,3:1
LaLiga,21,A,FC Barcelona,(1.),Girona FC,Girona  (12.),0:2,RW ,69',0:2
Copa del Rey,Viertelfinale,H,FC Barcelona,Sevilla FC,Sevilla FC,6:1,RW ,90'+2,6:1,Left-footed shot
LaLiga,22,H,FC Barcelona,(1.),Valencia CF,Valencia  (7.),2:2,RW ,39',1:2
64',2:2,Left-footed shot,,,,,,,,
LaLiga,24,H,FC Barcelona,(1.),Real Valladolid CF,Real Valladolid  (15.),1:0,RW ,43',1:0
LaLiga,25,A,FC Barcelona,(1.),Sevilla FC,Sevilla FC  (4.),2:4,RW ,26',1:1
67',2:2,Right-footed shot,,,,,,,,
85',2:3,Left-footed shot,,,,,,,,
LaLiga,27,H,FC Barcelona,(1.),Rayo Vallecano,Rayo Vallecano  (19.),3:1,RW ,51',2:1
UEFA Champions League,Achtelfinale,H,FC Barcelona,Olympique Lyon,Olympique Lyon,5:1,RW ,18',1:0,Penalty
78',3:1,Right-footed shot,,,,,,,,
LaLiga,28,A,FC Barcelona,(1.),Real Betis Balompié,Real Betis  (8.),1:4,SS ,18',0:1
45'+2,0:2,Left-footed shot,,,,,,,,
85',1:4,Left-footed shot,,,,,,,,
LaLiga,29,H,FC Barcelona,(1.),RCD Espanyol Barcelona,Espanyol  (13.),2:0,RW ,71',1:0
89',2:0,Left-footed shot,,,,,,,,
LaLiga,30,A,FC Barcelona,(1.),Villarreal CF,Villarreal  (17.),4:4,RW,90',4:3
LaLiga,31,H,FC Barcelona,(1.),Atlético de Madrid,Atlético Madrid  (2.),2:0,SS ,87',2:0
UEFA Champions League,Viertelfinale,H,FC Barcelona,Manchester United,Man Utd,3:0,RW ,16',1:0,Left-footed shot
20',2:0,Right-footed shot,,,,,,,,
LaLiga,35,H,FC Barcelona,(1.),Levante UD,Levante  (15.),1:0,RW,62',1:0
UEFA Champions League,Halbfinale,H,FC Barcelona,Liverpool FC,Liverpool,3:0,RW ,75',2:0,Left-footed shot
82',3:0,Direct free kick,,,,,,,,
LaLiga,38,A,FC Barcelona,(1.),SD Eibar,SD Eibar  (12.),2:2,CF ,31',1:1
32',1:2,Left-footed shot,,,,,,,,
Copa del Rey,Finale,H,FC Barcelona,Valencia CF,Valencia,1:2,CF ,73',1:2,Left-footed shot
Season 19/20,,,,,,,,,,
LaLiga,8,H,FC Barcelona,(5.),Sevilla FC,Sevilla FC  (4.),4:0,RW ,78',4:0
LaLiga,9,A,FC Barcelona,(2.),SD Eibar,SD Eibar  (14.),0:3,RW ,58',0:2
UEFA Champions League,Gruppenphase,A,FC Barcelona,SK Slavia Prague,Slavia Prague,1:2,RW ,3',0:1,Left-footed shot
LaLiga,11,H,FC Barcelona,(2.),Real Valladolid CF,Real Valladolid  (8.),5:1,RW ,34',3:1
75',4:1,Left-footed shot,,,,,,,,
LaLiga,12,A,FC Barcelona,(1.),Levante UD,Levante  (11.),3:1,RW ,38',0:1
LaLiga,13,H,FC Barcelona,(1.),Celta de Vigo,Celta de Vigo  (18.),4:1,RW ,23',1:0
45'+1,2:1,Direct free kick,,,,,,,,
48',3:1,Direct free kick,,,,,,,,
UEFA Champions League,Gruppenphase,H,FC Barcelona,Borussia Dortmund,Bor. Dortmund,3:1,RW ,33',2:0,Left-footed shot
LaLiga,15,A,FC Barcelona,(1.),Atlético de Madrid,Atlético Madrid  (4.),0:1,RW ,86',0:1
LaLiga,16,H,FC Barcelona,(1.),RCD Mallorca,RCD Mallorca  (17.),5:2,RW ,17',2:0
41',3:1,Left-footed shot,,,,,,,,
83',5:2,Left-footed shot,,,,,,,,
LaLiga,18,H,FC Barcelona,(1.),Deportivo Alavés,Alavés  (14.),4:1,RW ,69',3:1
Supercopa,Halbfinale,H,FC Barcelona,Atlético de Madrid,Atlético Madrid,2:3,RW ,51',1:1,Right-footed shot
LaLiga,20,H,FC Barcelona,(1.),Granada CF,Granada CF  (10.),1:0,CF ,76',1:0
Copa del Rey,Achtelfinale,H,FC Barcelona,CD Leganés,CD Leganés,5:0,RW ,59',3:0,Left-footed shot
89',5:0,Left-footed shot,,,,,,,,
LaLiga,25,H,FC Barcelona,(2.),SD Eibar,SD Eibar  (16.),5:0,SS ,14',1:0
37',2:0,Left-footed shot,,,,,,,,
40',3:0,Left-footed shot,,,,,,,,
87',4:0,Left-footed shot,,,,,,,,
LaLiga,27,H,FC Barcelona,(2.),Real Sociedad,Real Sociedad  (4.),1:0,CF ,81',1:0
LaLiga,28,A,FC Barcelona,(1.),RCD Mallorca,RCD Mallorca  (18.),0:4,RW ,90'+3,0:4
LaLiga,29,H,FC Barcelona,(1.),CD Leganés,CD Leganés  (19.),2:0,RW ,69',2:0
LaLiga,33,H,FC Barcelona,(2.),Atlético de Madrid,Atlético Madrid  (3.),2:2,SS ,50',2:1
LaLiga,37,H,FC Barcelona,(2.),CA Osasuna,CA Osasuna  (11.),1:2,RW ,62',1:1
LaLiga,38,A,FC Barcelona,(2.),Deportivo Alavés,Alavés  (16.),0:5,RW ,34',0:2
75',0:5,Left-footed shot,,,,,,,,
UEFA Champions League,Achtelfinale,H,FC Barcelona,SSC Napoli,Napoli,3:1,SS ,23',2:0,Left-footed shot
Season 20/21,,,,,,,,,,
LaLiga,3,H,FC Barcelona,(1.),Villarreal CF,Villarreal  (6.),4:0,CF ,35',3:0
UEFA Champions League,Gruppenphase,H,FC Barcelona,Ferencvárosi TC,Ferencváros,5:1,CF ,27',1:0,Penalty
UEFA Champions League,Gruppenphase,A,FC Barcelona,Juventus FC,Juventus,0:2,CF ,90'+1,0:2,Penalty
UEFA Champions League,Gruppenphase,H,FC Barcelona,Dynamo Kyiv,Dynamo Kyiv,2:1,RW ,5',1:0,Penalty
LaLiga,9,H,FC Barcelona,(6.),Real Betis Balompié,Real Betis  (8.),5:2,CF,61',3:1
82',4:2,Left-footed shot,,,,,,,,
LaLiga,11,H,FC Barcelona,(5.),CA Osasuna,CA Osasuna  (14.),4:0,RW ,73',4:0
LaLiga,13,H,FC Barcelona,(5.),Levante UD,Levante  (17.),1:0,CF ,76',1:0
LaLiga,14,H,FC Barcelona,(4.),Valencia CF,Valencia  (14.),2:2,CF ,45'+4,1:1
LaLiga,15,A,FC Barcelona,(5.),Real Valladolid CF,Real Valladolid  (18.),0:3,AM ,65',0:3
LaLiga,2,A,FC Barcelona,(1.),Athletic Bilbao,Athletic  (18.),2:3,CF ,38',1:2
62',1:3,Left-footed shot,,,,,,,,
LaLiga,18,A,FC Barcelona,(3.),Granada CF,Granada CF  (7.),0:4,CF ,35',0:2
42',0:3,Direct free kick,,,,,,,,
Copa del Rey,Achtelfinale,A,FC Barcelona,Rayo Vallecano,Rayo Vallecano,1:2,CF ,69',1:1,Left-footed shot
LaLiga,21,H,FC Barcelona,(3.),Athletic Bilbao,Athletic  (11.),2:1,CF ,20',1:0
LaLiga,22,A,FC Barcelona,(3.),Real Betis Balompié,Real Betis  (7.),2:3,CF,59',1:1
LaLiga,23,H,FC Barcelona,(3.),Deportivo Alavés,Alavés  (16.),5:1,CF ,45'+1,2:0
75',4:1,Left-footed shot,,,,,,,,
UEFA Champions League,Achtelfinale,H,FC Barcelona,Paris Saint-Germain,Paris SG,1:4,CF ,27',1:0,Penalty
LaLiga,24,H,FC Barcelona,(3.),Cádiz CF,Cádiz CF  (15.),1:1,CF ,32',1:0
LaLiga,1,H,FC Barcelona,(3.),Elche CF,Elche CF  (17.),3:0,CF ,48',1:0
68',2:0,Left-footed shot,,,,,,,,
LaLiga,25,A,FC Barcelona,(4.),Sevilla FC,Sevilla FC  (3.),0:2,CF ,85',0:2
UEFA Champions League,Achtelfinale,A,FC Barcelona,Paris Saint-Germain,Paris SG,1:1,SS ,37',1:1,Long distance kick
LaLiga,27,H,FC Barcelona,(2.),SD Huesca,SD Huesca  (20.),4:1,SS ,13',1:0
90',4:1,Left-footed shot,,,,,,,,
LaLiga,28,A,FC Barcelona,(2.),Real Sociedad,Real Sociedad  (5.),1:6,SS ,56',0:4
89',1:6,Left-footed shot,,,,,,,,
Copa del Rey,Finale,A,FC Barcelona,Athletic Bilbao,Athletic,0:4,CF ,68',0:3,Left-footed shot
72',0:4,Left-footed shot,,,,,,,,
LaLiga,31,H,FC Barcelona,(3.),Getafe CF,Getafe  (15.),5:2,CF ,8',1:0
33',3:1,Left-footed shot,,,,,,,,
LaLiga,33,H,FC Barcelona,(1.),Granada CF,Granada CF  (8.),1:2,CF ,23',1:0
LaLiga,34,A,FC Barcelona,(3.),Valencia CF,Valencia  (14.),2:3,CF ,57',1:1
69',1:3,Direct free kick,,,,,,,,
LaLiga,36,A,FC Barcelona,(3.),Levante UD,Levante  (14.),3:3,SS ,25',0:1
LaLiga,37,H,FC Barcelona,(3.),Celta de Vigo,Celta de Vigo  (8.),1:2,SS ,28',1:0
Season 21/22,,,,,,,,,,
UEFA Champions League,Gruppenphase,H,Paris Saint-Germain,Manchester City,Man City,2:0,RW,74',2:0,Left-footed shot
UEFA Champions League,Gruppenphase,H,Paris Saint-Germain,RB Leipzig,RB Leipzig,3:2,RW,67',2:2,Left-footed shot
74',3:2,Penalty,,,,,,,,
Ligue 1,14,H,Paris Saint-Germain,(1.),FC Nantes,FC Nantes  (9.),3:1,RW,87',3:1
UEFA Champions League,Gruppenphase,H,Paris Saint-Germain,Club Brugge KV,Club Brugge,4:1,CF,38',3:0,Left-footed shot
76',4:1,Penalty,,,,,,,,
Ligue 1,23,A,Paris Saint-Germain,(1.),LOSC Lille,LOSC Lille  (11.),1:5,CF,38',1:3
Ligue 1,30,H,Paris Saint-Germain,(1.),FC Lorient,FC Lorient  (16.),5:1,RW,73',4:1
Ligue 1,34,H,Paris Saint-Germain,(1.),RC Lens,Lens  (7.),1:1,RW,68',1:0
Ligue 1,37,A,Paris Saint-Germain,(1.),Montpellier HSC,Montpellier  (13.),0:4,CF,6',0:1
20',0:2,Left-footed shot,,,,,,,,
Season 22/23,,,,,,,,,,
Trophée des Champions,Finale,H,Paris Saint-Germain,FC Nantes,FC Nantes,4:0,CF,22',1:0,Right-footed shot
Ligue 1,1,A,Paris Saint-Germain,(1.),Clermont Foot 63,Clermont Foot  (8.),0:5,CF,80',0:4
86',0:5,Left-footed shot,,,,,,,,
Ligue 1,3,A,Paris Saint-Germain,(1.),LOSC Lille,LOSC Lille  (3.),1:7,RW,27',0:2
UEFA Champions League,Gruppenphase,A,Paris Saint-Germain,Maccabi Haifa,Maccabi Haifa,1:3,RW,37',1:1,Left-footed shot
Ligue 1,8,A,Paris Saint-Germain,(1.),Olympique Lyon,Olympique Lyon  (5.),0:1,RW,5',0:1
Ligue 1,9,H,Paris Saint-Germain,(1.),OGC Nice,OGC Nice  (13.),2:1,AM,28',1:0
UEFA Champions League,Gruppenphase,A,Paris Saint-Germain,SL Benfica,Benfica,1:1,RW,22',0:1,Left-footed shot
Ligue 1,12,A,Paris Saint-Germain,(1.),AC Ajaccio,AC Ajaccio  (18.),0:3,CF,78',0:2
UEFA Champions League,Gruppenphase,H,Paris Saint-Germain,Maccabi Haifa,Maccabi Haifa,7:2,SS,19',1:0,Left-footed shot
45',4:1,Left-footed shot,,,,,,,,
Ligue 1,13,H,Paris Saint-Germain,(1.),ESTAC Troyes,Troyes  (11.),4:3,RW,55',2:2
Ligue 1,18,H,Paris Saint-Germain,(1.),Angers SCO,Angers SCO  (20.),2:0,AM,72',2:0
Ligue 1,21,A,Paris Saint-Germain,(1.),Montpellier HSC,Montpellier  (14.),1:3,SS,72',0:2
Ligue 1,22,H,Paris Saint-Germain,(1.),FC Toulouse,Toulouse  (12.),2:1,SS,58',2:1
Ligue 1,24,H,Paris Saint-Germain,(1.),LOSC Lille,LOSC Lille  (5.),4:3,CF,90'+5,4:3
Ligue 1,25,A,Paris Saint-Germain,(1.),Olympique Marseille,Marseille  (2.),0:3,CF,29',0:2
Ligue 1,26,H,Paris Saint-Germain,(1.),FC Nantes,FC Nantes  (13.),4:2,CF,12',1:0
Ligue 1,30,A,Paris Saint-Germain,(1.),OGC Nice,OGC Nice  (8.),0:2,CF,26',0:1
Ligue 1,31,H,Paris Saint-Germain,(1.),RC Lens,Lens  (2.),3:1,CF,40',3:0
Ligue 1,37,A,Paris Saint-Germain,(1.),RC Strasbourg Alsace,R. Strasbourg  (15.),1:1,CF,59',0:1
Leagues Cup,Gruppenphase,A,Inter Miami CF,CD Cruz Azul,CD Cruz Azul,1:2,RW,90'+4,1:2,Direct free kick
Leagues Cup,Gruppenphase,H,Inter Miami CF,Atlanta United FC,Atlanta,4:0,RW ,8',1:0,Right-footed shot
22',2:0,Right-footed shot,,,,,,,,
Leagues Cup,1.Runde,H,Inter Miami CF,Orlando City SC,Orlando,3:1,RW ,7',1:0,Left-footed shot
72',3:1,Right-footed shot,,,,,,,,
Leagues Cup,Achtelfinale,A,Inter Miami CF,FC Dallas,Dallas,7:9 on pens,RW ,6',0:1,Left-footed shot
85',4:4,Direct free kick,,,,,,,,
Leagues Cup,Viertelfinale,H,Inter Miami CF,Charlotte FC,Charlotte,4:0,RW ,86',4:0,Left-footed shot
Leagues Cup,Halbfinale,A,Inter Miami CF,Philadelphia Union,Philadelphia,1:4,RW ,20',0:2,Left-footed shot
Leagues Cup,Finale,A,Inter Miami CF,Nashville SC,Nashville,10:11 on pens,RW ,23',0:1,Left-footed shot
Major League Soccer,28,A,Inter Miami CF,(14.),New York Red Bulls,New York  (11.),0:2,CF,89',0:2
Season 2024,,,,,,,,,,
Major League Soccer,1,A,Inter Miami CF,Los Angeles Galaxy,LA Galaxy,1:1,RW ,90'+2,1:1,Left-footed shot
Major League Soccer,2,H,Inter Miami CF,Orlando City SC,Orlando,5:0,RW ,57',4:0,Chest
62',5:0,Header,,,,,,,,
CONCACAF Champions Cup,Achtelfinale,A,Inter Miami CF,Nashville SC,Nashville,2:2,CF ,52',2:1,Not reported
CONCACAF Champions Cup,Achtelfinale,H,Inter Miami CF,Nashville SC,Nashville,3:1,CF ,23',2:0,Left-footed shot
Major League Soccer,7,H,Inter Miami CF,Colorado Rapids,Colorado,2:2,CF,57',1:1,Left-footed shot
Major League Soccer,8,A,Inter Miami CF,Sporting Kansas City,Kansas City,2:3,RW ,51',1:2,Left-footed shot
Major League Soccer,9,H,Inter Miami CF,Nashville SC,Nashville,3:1,RW ,11',1:1,Left-footed shot
81',3:1,Penalty,,,,,,,,
Major League Soccer,10,A,Inter Miami CF,New England Revolution,New England,1:4,RW ,32',1:1,Left-footed shot
67',1:2,Left-footed shot,,,,,,,,
Major League Soccer,11,H,Inter Miami CF,New York Red Bulls,New York,6:2,RW ,50',2:1,Left-footed shot
Major League Soccer,16,H,Inter Miami CF,Atlanta United FC,Atlanta,1:3,RW ,62',1:2,Left-footed shot
Major League Soccer,17,H,Inter Miami CF,St. Louis CITY SC,St. Louis CITY,3:3,RW ,25',1:1,Left-footed shot
Major League Soccer,31,H,Inter Miami CF,Philadelphia Union,Philadelphia,3:1,RW ,26',1:1,Right-footed shot
30',2:1,Left-footed shot,,,,,,,,
Major League Soccer,34,H,Inter Miami CF,Charlotte FC,Charlotte,1:1,RW ,67',1:1,Left-footed shot
Major League Soccer,35,A,Inter Miami CF,Columbus Crew,Columbus,2:3,RW ,45',0:1,Left-footed shot
45'+5,0:2,Direct free kick,,,,,,,,
Major League Soccer,37,H,Inter Miami CF,New England Revolution,New England,6:2,RW,78',4:2,Left-footed shot
81',5:2,Left-footed shot,,,,,,,,
89',6:2,Left-footed shot,,,,,,,,
MLS Cup Playoffs,1.Runde,H,Inter Miami CF,Atlanta United FC,Atlanta,2:3,RW ,65',2:2,Header
